<?xml version="1.0" encoding="UTF-8"?>
<project-private xmlns="http://www.netbeans.org/ns/project-private/1">
    <editor-bookmarks xmlns="http://www.netbeans.org/ns/editor-bookmarks/2" lastBookmarkId="0"/>
    <open-files xmlns="http://www.netbeans.org/ns/projectui-open-files/2">
        <group>
            <file>file:/E:/DATA%20PKL%20ALVIGI%20USH%20DIACAU/ALVIGI/JAVA/PROJEK%20JAVA/aplikasi_kasir/src/NewMain.java</file>
            <file>file:/E:/DATA%20PKL%20ALVIGI%20USH%20DIACAU/ALVIGI/JAVA/PROJEK%20JAVA/aplikasi_kasir/src/aplikasi_kasir_sederhana.java</file>
        </group>
    </open-files>
</project-private>
